<?xml version="1.0" encoding="UTF-8"?>
<project-private xmlns="http://www.netbeans.org/ns/project-private/1">
    <editor-bookmarks xmlns="http://www.netbeans.org/ns/editor-bookmarks/2" lastBookmarkId="0"/>
    <open-files xmlns="http://www.netbeans.org/ns/projectui-open-files/2">
        <group>
            <file>file:/D:/programing/JAVA/bloodbank/src/staff3.java</file>
            <file>file:/D:/programing/JAVA/bloodbank/src/frame7.java</file>
            <file>file:/D:/programing/JAVA/bloodbank/src/frame3.java</file>
            <file>file:/D:/programing/JAVA/bloodbank/src/staff6.java</file>
            <file>file:/D:/programing/JAVA/bloodbank/src/login3.java</file>
            <file>file:/D:/programing/JAVA/bloodbank/src/login1.java</file>
            <file>file:/D:/programing/JAVA/bloodbank/src/staff5.java</file>
            <file>file:/D:/programing/JAVA/bloodbank/src/frame2.java</file>
            <file>file:/D:/programing/JAVA/bloodbank/src/staff.java</file>
            <file>file:/D:/programing/JAVA/bloodbank/src/staff2.java</file>
            <file>file:/D:/programing/JAVA/bloodbank/src/signup.java</file>
            <file>file:/D:/programing/JAVA/bloodbank/src/frame1.java</file>
            <file>file:/D:/programing/JAVA/bloodbank/src/frame6.java</file>
            <file>file:/D:/programing/JAVA/bloodbank/src/staff4.java</file>
            <file>file:/D:/programing/JAVA/bloodbank/src/login2.java</file>
        </group>
    </open-files>
</project-private>
